entity|positive|negative|frequency|score
Tesla|0.9077458466802325|0.9104588031768799|18|-0.2033792171213362
Nvidia|0.0|0.8871863335371017|4|-0.8871863335371017
Fidelity|0.7152056097984314|0.9570492781125582|14|-0.8376025004046304
Intel|0.9065871238708496|0.866262035710471|8|-0.6446558907628059
Rivian|0.8290721774101257|0.8972590446472168|7|-0.4040215526308332
AMD|0.9065871238708496|0.907690167427063|6|-0.6053106188774109
Evergrande|0.6758134961128235|0.9829979352653027|17|-0.8854207922430599
JNJ|0.7863773107528687|0.9887009263038635|4|-0.10116180777549744
Ford|0.9089018702507019|0.8878845721483231|9|0.11033011807335748
Lucid|0.7085851232210795|0.9990618824958801|5|0.025526320934295653
Amazon|0.8972340822219849|0.9244512975215912|13|-0.5040623637346121
BP|0.8230761885643005|0.9990824262301127|4|-0.5435427725315094
BHP|0.9476895332336426|0.7376795411109924|4|0.5263472646474838
China Evergrande Group|0.0|0.9984116077423095|5|-0.9984116077423095
the Federal Reserve|0.0|0.9421194642782211|4|-0.9421194642782211
Reddit|0.7025630474090576|0.9842840075492859|7|-0.5023277061326163
BABA|0.0|0.9787804245948791|5|-0.9787804245948791
Uber|0.0|0.9985830336809158|4|-0.9985830336809158
Apple|0.9364812970161438|0.9246439598500729|17|-0.8151660035638248
IRS|0.7717323005199432|0.9927698016166687|7|-0.488626343863351
Vanguard|0.7235797047615051|0.9809802770614624|13|-0.5876202812561622
reddit|0.0|0.9845505654811859|8|-0.9845505654811859
WSJ|0.5717668533325195|0.9987180829048157|5|-0.6846210956573486
TSLA|0.8413890600204468|0.9991390824317932|9|-0.1811265746752421
NIO|0.9938255548477173|0.991703728834788|4|-0.4953214079141617
amp|0.8734859824180603|0.9331100583076477|4|0.4218369722366333
Facebook|0.9460924565792084|0.9305338178362165|9|-0.513505756855011
Microsoft|0.951677680015564|0.8696959813435873|5|-0.14114651679992676
SPY|0.0|0.9913205057382584|4|-0.9913205057382584
Bloomberg|0.0|0.9986849427223206|7|-0.9986849427223206
Robinhood|0.7559057176113129|0.9623088836669922|5|-0.27502304315567017
Congress|0.8799066841602325|0.9994895756244659|6|-0.3730241556962331
NASDAQ|0.8788725286722183|0.9639988094568253|8|-0.04256314039230347
Investopedia|0.0|0.9734416007995605|4|-0.9734416007995605
Refinitiv|0.8781582117080688|0.9848952293395996|4|-0.5191318690776825
&|0.8243926763534546|0.9908939003944397|5|0.09827804565429688
Google|0.690226137638092|0.8738235756754875|9|-0.7000402741962009
Reuters|0.6966896057128906|0.9900755782922109|7|-0.7491091234343392
Morgan Stanley|0.7703295648097992|0.9798946976661682|4|-0.10478256642818451
FB|0.0|0.9829656928777695|4|-0.9829656928777695
Schwab|0.0|0.9346010833978653|4|-0.9346010833978653
AAPL|0.7979121208190918|0.9942772537469864|5|-0.6358393788337707
Netflix|0.9751589894294739|0.9672279357910156|4|-0.48163120448589325
Alibaba|0.998164564371109|0.9332712491353353|5|-0.16069692373275757
